Buyer,Commodities,Date
United,"Please quote for the following wholesale product requirement -

Product Name: Coconut Milk

Specifications :
17% Fat
Pvt. Label
Packaging Terms  : 400ml Cans, Tetra Pack

Quantity Required : 1 Forty-Foot Container 

Shipping Terms  : CIF

Destination Port : New York, Miami, Florida, United States

Payment Terms : Wire Transfer

Looking for suppliers from : Worldwide

Contact : Tropical Isle Producers Inc",Nov-15-21
United,"Please quote for the following wholesale product requirement -

Product Name: Coconut Milk

Specifications :
17% Fat
Pvt. Label
Packaging Terms  : 400ml Cans, Tetra Pack

Quantity Required : 1 Forty-Foot Container 

Shipping Terms  : CIF

Destination Port : New York, Miami, Florida, United States

Payment Terms : Wire Transfer

Looking for suppliers from : Worldwide

Contact : Tropical Isle Producers Inc",Nov-17-21
United,"Please quote for the following wholesale product requirement -

Product Name: Coconut Milk

Specifications :
17% Fat
Pvt. Label
Packaging Terms  : 400ml Cans, Tetra Pack

Quantity Required : 1 Forty-Foot Container 

Shipping Terms  : CIF

Destination Port : New York, Miami, Florida, United States

Payment Terms : Wire Transfer

Looking for suppliers from : Worldwide

Contact : Tropical Isle Producers Inc",Nov-22-21
United,"Please quote for the following wholesale product requirement -

Product Name: Coconut Milk

Specifications :
17% Fat
Pvt. Label
Packaging Terms  : 400ml Cans, Tetra Pack

Quantity Required : 1 Forty-Foot Container 

Shipping Terms  : CIF

Destination Port : New York, Miami, Florida, United States

Payment Terms : Wire Transfer

Looking for suppliers from : Worldwide

Contact : Tropical Isle Producers Inc",Nov-18-21
United,"Please quote for the following wholesale product requirement -

Product Name: Coconut Milk

Specifications :
17% Fat
Pvt. Label
Packaging Terms  : 400ml Cans, Tetra Pack

Quantity Required : 1 Forty-Foot Container 

Shipping Terms  : CIF

Destination Port : New York, Miami, Florida, United States

Payment Terms : Wire Transfer

Looking for suppliers from : Worldwide

Contact : Tropical Isle Producers Inc",Nov-15-21
United,"Please quote for the following wholesale product requirement -

Product Name: Coconut Milk

Specifications :
17% Fat
Pvt. Label
Packaging Terms  : 400ml Cans, Tetra Pack

Quantity Required : 1 Forty-Foot Container 

Shipping Terms  : CIF

Destination Port : New York, Miami, Florida, United States

Payment Terms : Wire Transfer

Looking for suppliers from : Worldwide

Contact : Tropical Isle Producers Inc",Nov-02-21
United,"Please quote for the following wholesale product requirement -

Product Name: Coconut Milk

Specifications :
17% Fat
Pvt. Label
Packaging Terms  : 400ml Cans, Tetra Pack

Quantity Required : 1 Forty-Foot Container 

Shipping Terms  : CIF

Destination Port : New York, Miami, Florida, United States

Payment Terms : Wire Transfer

Looking for suppliers from : Worldwide

Contact : Tropical Isle Producers Inc",Oct-28-21
United,"Please quote for the following wholesale product requirement -

Product Name: Coconut Milk

Specifications :
17% Fat
Pvt. Label
Packaging Terms  : 400ml Cans, Tetra Pack

Quantity Required : 1 Forty-Foot Container 

Shipping Terms  : CIF

Destination Port : New York, Miami, Florida, United States

Payment Terms : Wire Transfer

Looking for suppliers from : Worldwide

Contact : Tropical Isle Producers Inc",Oct-22-21
United,"Please quote for the following wholesale product requirement -

Product Name: Coconut Milk

Specifications :
17% Fat
Pvt. Label
Packaging Terms  : 400ml Cans, Tetra Pack

Quantity Required : 1 Forty-Foot Container 

Shipping Terms  : CIF

Destination Port : New York, Miami, Florida, United States

Payment Terms : Wire Transfer

Looking for suppliers from : Worldwide

Contact : Tropical Isle Producers Inc",Nov-19-21
United,"Please quote for the following wholesale product requirement -

Product Name: Coconut Milk

Specifications :
17% Fat
Pvt. Label
Packaging Terms  : 400ml Cans, Tetra Pack

Quantity Required : 1 Forty-Foot Container 

Shipping Terms  : CIF

Destination Port : New York, Miami, Florida, United States

Payment Terms : Wire Transfer

Looking for suppliers from : Worldwide

Contact : Tropical Isle Producers Inc",Nov-16-21
United,"Please quote for the following wholesale product requirement -

Product Name: Coconut Milk

Specifications :
17% Fat
Pvt. Label
Packaging Terms  : 400ml Cans, Tetra Pack

Quantity Required : 1 Forty-Foot Container 

Shipping Terms  : CIF

Destination Port : New York, Miami, Florida, United States

Payment Terms : Wire Transfer

Looking for suppliers from : Worldwide

Contact : Tropical Isle Producers Inc",Nov-16-21
United,"Please quote for the following wholesale product requirement -

Product Name: Coconut Milk

Specifications :
17% Fat
Pvt. Label
Packaging Terms  : 400ml Cans, Tetra Pack

Quantity Required : 1 Forty-Foot Container 

Shipping Terms  : CIF

Destination Port : New York, Miami, Florida, United States

Payment Terms : Wire Transfer

Looking for suppliers from : Worldwide

Contact : Tropical Isle Producers Inc",Nov-22-21
United,"Please quote for the following wholesale product requirement -

Product Name: Coconut Milk

Specifications :
17% Fat
Pvt. Label
Packaging Terms  : 400ml Cans, Tetra Pack

Quantity Required : 1 Forty-Foot Container 

Shipping Terms  : CIF

Destination Port : New York, Miami, Florida, United States

Payment Terms : Wire Transfer

Looking for suppliers from : Worldwide

Contact : Tropical Isle Producers Inc",Nov-19-21
United,"Please quote for the following wholesale product requirement -

Product Name: Coconut Milk

Specifications :
17% Fat
Pvt. Label
Packaging Terms  : 400ml Cans, Tetra Pack

Quantity Required : 1 Forty-Foot Container 

Shipping Terms  : CIF

Destination Port : New York, Miami, Florida, United States

Payment Terms : Wire Transfer

Looking for suppliers from : Worldwide

Contact : Tropical Isle Producers Inc",Nov-17-21
United,"Please quote for the following wholesale product requirement -

Product Name: Coconut Milk

Specifications :
17% Fat
Pvt. Label
Packaging Terms  : 400ml Cans, Tetra Pack

Quantity Required : 1 Forty-Foot Container 

Shipping Terms  : CIF

Destination Port : New York, Miami, Florida, United States

Payment Terms : Wire Transfer

Looking for suppliers from : Worldwide

Contact : Tropical Isle Producers Inc",Nov-16-21
United,"Please quote for the following wholesale product requirement -

Product Name: Coconut Milk

Specifications :
17% Fat
Pvt. Label
Packaging Terms  : 400ml Cans, Tetra Pack

Quantity Required : 1 Forty-Foot Container 

Shipping Terms  : CIF

Destination Port : New York, Miami, Florida, United States

Payment Terms : Wire Transfer

Looking for suppliers from : Worldwide

Contact : Tropical Isle Producers Inc",Oct-27-21
United,"Please quote for the following wholesale product requirement -

Product Name: Coconut Milk

Specifications :
17% Fat
Pvt. Label
Packaging Terms  : 400ml Cans, Tetra Pack

Quantity Required : 1 Forty-Foot Container 

Shipping Terms  : CIF

Destination Port : New York, Miami, Florida, United States

Payment Terms : Wire Transfer

Looking for suppliers from : Worldwide

Contact : Tropical Isle Producers Inc",Nov-01-21
United,"Please quote for the following wholesale product requirement -

Product Name: Coconut Milk

Specifications :
17% Fat
Pvt. Label
Packaging Terms  : 400ml Cans, Tetra Pack

Quantity Required : 1 Forty-Foot Container 

Shipping Terms  : CIF

Destination Port : New York, Miami, Florida, United States

Payment Terms : Wire Transfer

Looking for suppliers from : Worldwide

Contact : Tropical Isle Producers Inc",Nov-01-21
United,"Please quote for the following wholesale product requirement -

Product Name: Coconut Milk

Specifications :
17% Fat
Pvt. Label
Packaging Terms  : 400ml Cans, Tetra Pack

Quantity Required : 1 Forty-Foot Container 

Shipping Terms  : CIF

Destination Port : New York, Miami, Florida, United States

Payment Terms : Wire Transfer

Looking for suppliers from : Worldwide

Contact : Tropical Isle Producers Inc",Oct-26-21
United,"Please quote for the following wholesale product requirement -

Product Name: Coconut Milk

Specifications :
17% Fat
Pvt. Label
Packaging Terms  : 400ml Cans, Tetra Pack

Quantity Required : 1 Forty-Foot Container 

Shipping Terms  : CIF

Destination Port : New York, Miami, Florida, United States

Payment Terms : Wire Transfer

Looking for suppliers from : Worldwide

Contact : Tropical Isle Producers Inc",Oct-28-21
